name,vn_kv,type,zone,in_service
node67195187,0.415,b,,True
node36726543,0.415,b,,True
cubicle37996,0.415,b,,True
cn-busbar355174-t2,11.0,b,,True
node71579002,0.415,b,,True
cubicle40584,0.415,b,,True
cn-geo_schematic_cable1841-t2,0.415,b,,True
node161553414,11.0,b,,True
node58449850,0.415,b,,True
cn-cable3269444-t2,0.415,b,,True
cn-cable3338949-t2,0.415,b,,True
cn-cable3338324-t2,0.415,b,,True
node29539621,0.415,b,,True
node22943850,0.415,b,,True
node23121435,11.0,b,,True
node23107372,11.0,b,,True
node69935613,0.415,b,,True
node67195771,0.415,b,,True
cn-geo_schematic_cable27949-t1,0.415,b,,True
cn-cable3338329-t2,0.415,b,,True
node69936246,0.415,b,,True
cn-cable3339040-t2,0.415,b,,True
node57578180,0.415,b,,True
cubicle50571,0.415,b,,True
node23398575,11.0,b,,True
cubicle46265,0.415,b,,True
cubicle39028,0.415,b,,True
node61288125,0.415,b,,True
cubicle44801,0.415,b,,True
node36726535,0.415,b,,True
cubicle47655,0.415,b,,True
node67194604,0.415,b,,True
cubicle37985,0.415,b,,True
cubicle49329,0.415,b,,True
cn-simulated23032596_100931-t2,0.415,b,,True
node67194728,0.415,b,,True
node65782890,0.415,b,,True
cubicle42546,0.415,b,,True
node74192374,0.415,b,,True
cn-cable3338953-t2,0.415,b,,True
node69935372,0.415,b,,True
cubicle43093,0.415,b,,True
node67195498,0.415,b,,True
cn-cable3336711-t2,0.415,b,,True
cubicle38771,0.415,b,,True
cubicle43565,0.415,b,,True
cubicle43985,0.415,b,,True
node23378216,11.0,b,,True
cubicle40264,0.415,b,,True
cn-geo_schematic_cable235942-t2,0.415,b,,True
cubicle46514,0.415,b,,True
cn-cable3336326-t2,0.415,b,,True
cn-cable3338478-t2,0.415,b,,True
cubicle77077,0.415,b,,True
cubicle44233,0.415,b,,True
node23319269,0.415,b,,True
cubicle46068,0.415,b,,True
node84625474,0.415,b,,True
cn-cable3336352-t2,0.415,b,,True
cn-cable1224849-t2,11.0,b,,True
node161553407,11.0,b,,True
cn-cable2727645-t2,0.415,b,,True
node74192759,0.415,b,,True
cn-cable1115303-t1,0.415,b,,True
cn-cable3338991-t2,0.415,b,,True
node67195412,0.415,b,,True
node22958791,0.415,b,,True
node74191979,0.415,b,,True
node23319268,0.415,b,,True
cubicle111008,0.415,b,,True
cn-cable3338211-t2,0.415,b,,True
node71579091,0.415,b,,True
node67196002,0.415,b,,True
cubicle41298,0.415,b,,True
cubicle48772,0.415,b,,True
cubicle40156,0.415,b,,True
cn-cable1218152-t1,11.0,b,,True
cubicle44807,0.415,b,,True
node71578689,0.415,b,,True
cubicle42428,0.415,b,,True
cubicle35620,0.415,b,,True
cubicle41409,0.415,b,,True
node101119362,0.415,b,,True
node67830826,0.415,b,,True
cubicle45120,0.415,b,,True
cubicle50767,0.415,b,,True
cubicle47088,0.415,b,,True
node156687033,0.415,b,,True
node35592335,0.415,b,,True
cubicle36749,0.415,b,,True
cn-cable3338210-t2,0.415,b,,True
node71578611,0.415,b,,True
cn-cable3338926-t2,0.415,b,,True
node84230737,11.0,b,,True
node57577377,0.415,b,,True
node67195764,0.415,b,,True
cubicle38012,0.415,b,,True
cn-cable3338259-t2,0.415,b,,True
node24056448,11.0,b,,True
cn-cable3336358-t2,0.415,b,,True
node24069238,11.0,b,,True
cn-cable3338647-t2,0.415,b,,True
node24056328,11.0,b,,True
cn-cable3336328-t2,0.415,b,,True
cn-cable3338933-t2,0.415,b,,True
cn-cable1152508-t2,11.0,b,,True
node67193326,0.415,b,,True
node23198147,0.415,b,,True
node79493008,0.415,b,,True
cn-geo_schematic_cable14365-t2,0.415,b,,True
cubicle45981,0.415,b,,True
cn-cable3339128-t2,0.415,b,,True
cubicle35717,0.415,b,,True
node101116426,0.415,b,,True
cubicle42435,0.415,b,,True
cn-cable3338289-t2,0.415,b,,True
node23019771,0.415,b,,True
cubicle47839,0.415,b,,True
node71578408,0.415,b,,True
cn-cable1188760-t1,11.0,b,,True
node153774263,0.415,b,,True
node69935927,0.415,b,,True
cn-cable3338878-t2,0.415,b,,True
node84145216,11.0,b,,True
node23148406,11.0,b,,True
node71579187,0.415,b,,True
node36726511,0.415,b,,True
cn-cable3338216-t2,0.415,b,,True
node84142367,11.0,b,,True
node23107373,11.0,b,,True
cn-cable3338221-t2,0.415,b,,True
node60264186,0.415,b,,True
cubicle42924,0.415,b,,True
cubicle41535,0.415,b,,True
node69877043,0.415,b,,True
cn-simulated23052190_40598-t2,11.0,b,,True
cubicle49434,0.415,b,,True
node71579058,0.415,b,,True
cubicle110989,0.415,b,,True
cubicle50353,0.415,b,,True
node69877101,0.415,b,,True
node57577382,0.415,b,,True
cubicle37179,0.415,b,,True
cubicle35158,0.415,b,,True
node59740715,0.415,b,,True
node23167833,11.0,b,,True
node67193477,0.415,b,,True
cn-cable3713956-t2,0.415,b,,True
node23167832,11.0,b,,True
node67195658,0.415,b,,True
cubicle33349,0.415,b,,True
cubicle44426,0.415,b,,True
cubicle33092,0.415,b,,True
cubicle44684,0.415,b,,True
node59313009,0.415,b,,True
node59312998,0.415,b,,True
node67193235,0.415,b,,True
node71578321,0.415,b,,True
node35591462,0.415,b,,True
cn-cable3338257-t2,0.415,b,,True
node69936064,0.415,b,,True
node71579209,0.415,b,,True
cn-busbar85068-t2,11.0,b,,True
cubicle41305,0.415,b,,True
cubicle42556,0.415,b,,True
cubicle33460,0.415,b,,True
node69935305,0.415,b,,True
node153774208,0.415,b,,True
node70361087,0.415,b,,True
node59607016,11.0,b,,True
node173091586,11.0,b,,True
node67195503,0.415,b,,True
cn-cable3339121-t2,0.415,b,,True
cn-geo_schematic_cable1690-t1,0.415,b,,True
cubicle42166,0.415,b,,True
node23232416,11.0,b,,True
node150179237,0.415,b,,True
cn-cable3336368-t2,0.415,b,,True
node57577389,0.415,b,,True
cubicle39191,0.415,b,,True
cubicle48205,0.415,b,,True
cn-cable3338911-t2,0.415,b,,True
node70366883,0.415,b,,True
node22959534,0.415,b,,True
node58449861,0.415,b,,True
cn-cable3336383-t2,0.415,b,,True
cn-cable3338256-t2,0.415,b,,True
node67196314,0.415,b,,True
cn-cable3338649-t2,0.415,b,,True
node37903059,11.0,b,,True
cn-cable3338484-t2,0.415,b,,True
cn-busbar83735-t2,11.0,b,,True
node59740707,0.415,b,,True
cubicle49326,0.415,b,,True
cn-cable3771699-t2,0.415,b,,True
node84338613,11.0,b,,True
cubicle34229,0.415,b,,True
cn-cable3338919-t2,0.415,b,,True
node29539706,11.0,b,,True
node24153826,0.415,b,,True
node67195826,0.415,b,,True
node69935313,0.415,b,,True
cubicle47400,0.415,b,,True
node23086949,0.415,b,,True
cubicle48240,0.415,b,,True
cubicle36860,0.415,b,,True
node29539817,0.415,b,,True
node58449867,0.415,b,,True
node69935742,0.415,b,,True
node58449876,0.415,b,,True
cn-cable3338471-t2,0.415,b,,True
cn-geo_schematic_cable1684-t2,0.415,b,,True
node103968618,11.0,b,,True
node24046336,11.0,b,,True
node84281775,0.415,b,,True
cn-cable3304342-t1,0.415,b,,True
node69935872,0.415,b,,True
cn-geo_schematic_cable22428-t2,0.415,b,,True
node57577399,0.415,b,,True
cubicle69503,0.415,b,,True
node71578372,0.415,b,,True
cubicle43678,0.415,b,,True
cubicle50763,0.415,b,,True
cn-cable3338945-t2,0.415,b,,True
node124410738,11.0,b,,True
node84230717,11.0,b,,True
node151251899,0.415,b,,True
node29539449,0.415,b,,True
node67195527,0.415,b,,True
cubicle41419,0.415,b,,True
node22943741,0.415,b,,True
node24039676,11.0,b,,True
node79493025,0.415,b,,True
node84230727,11.0,b,,True
node23032596,0.415,b,,True
cn-cable3589940-t2,0.415,b,,True
cn-cable3338186-t2,0.415,b,,True
cubicle48302,0.415,b,,True
cn-cable3338156-t2,0.415,b,,True
cn-cable3338929-t2,0.415,b,,True
node24502843,11.0,b,,True
node84625716,0.415,b,,True
cubicle50467,0.415,b,,True
cn-busbar251728-t2,11.0,b,,True
cn-cable3339042-t2,0.415,b,,True
node69936141,0.415,b,,True
node69876702,0.415,b,,True
cn-cable3338480-t2,0.415,b,,True
cubicle40579,0.415,b,,True
cn-cable3269443-t2,0.415,b,,True
cubicle46978,0.415,b,,True
cn-cable3338475-t2,0.415,b,,True
cn-cable3336361-t2,0.415,b,,True
cn-cable3338858-t2,0.415,b,,True
cubicle41727,0.415,b,,True
cubicle46985,0.415,b,,True
node237087015,0.415,b,,True
node71578497,0.415,b,,True
node23009517,11.0,b,,True
node101117387,0.415,b,,True
cubicle45944,0.415,b,,True
node69936372,0.415,b,,True
node71578708,0.415,b,,True
cn-cable3338902-t2,0.415,b,,True
cn-cable3338931-t2,0.415,b,,True
cn-geo_schematic_cable27947-t2,0.415,b,,True
node23015020,0.415,b,,True
node69935686,0.415,b,,True
node60063905,0.415,b,,True
cn-cable3338228-t2,0.415,b,,True
node67193624,0.415,b,,True
node59312978,0.415,b,,True
cn-simulated22932783_101448-t1,0.415,b,,True
cn-cable3338685-t2,0.415,b,,True
cn-cable3256246-t2,0.415,b,,True
cn-cable3338469-t2,0.415,b,,True
node23220058,0.415,b,,True
node103968671,0.415,b,,True
node69935554,0.415,b,,True
node161553431,11.0,b,,True
cubicle43736,0.415,b,,True
cubicle41398,0.415,b,,True
node69876900,11.0,b,,True
node69935532,0.415,b,,True
cubicle50360,0.415,b,,True
node24046367,11.0,b,,True
cn-cable3338287-t2,0.415,b,,True
cn-cable3338343-t2,0.415,b,,True
node69935461,0.415,b,,True
node65782807,0.415,b,,True
cubicle42550,0.415,b,,True
cn-cable3336362-t2,0.415,b,,True
node69935902,0.415,b,,True
cn-cable3338997-t2,0.415,b,,True
cubicle50477,0.415,b,,True
cubicle39241,0.415,b,,True
node71243238,0.415,b,,True
cn-cable3336353-t2,0.415,b,,True
cn-cable3338251-t2,0.415,b,,True
cn-busbar88081-t1,11.0,b,,True
cn-busbar85065-t2,11.0,b,,True
cubicle40150,0.415,b,,True
cn-cable3338914-t2,0.415,b,,True
cubicle42854,0.415,b,,True
cn-cable3338149-t2,0.415,b,,True
cn-cable3338877-t2,0.415,b,,True
node60264190,0.415,b,,True
cn-cable3336743-t2,0.415,b,,True
node24039677,11.0,b,,True
node84142381,11.0,b,,True
cubicle34488,0.415,b,,True
cubicle49109,0.415,b,,True
node29539471,0.415,b,,True
node23427399,0.415,b,,True
cn-cable3339097-t2,0.415,b,,True
cubicle34222,0.415,b,,True
cubicle34495,0.415,b,,True
cn-cable3338175-t2,0.415,b,,True
cn-cable2122108-t2,11.0,b,,True
node57578187,0.415,b,,True
cn-cable3338152-t2,0.415,b,,True
cn-busbar87061-t2,11.0,b,,True
cubicle38030,0.415,b,,True
cubicle49345,0.415,b,,True
cn-busbar355177-t2,11.0,b,,True
cn-cable3338179-t2,0.415,b,,True
cn-cable3269446-t2,0.415,b,,True
cubicle41292,0.415,b,,True
cubicle48965,0.415,b,,True
node69935711,0.415,b,,True
cubicle37892,0.415,b,,True
node23196578,0.415,b,,True
cn-geo_schematic_cable233327-t1,0.415,b,,True
cubicle41722,0.415,b,,True
cn-cable3338867-t2,0.415,b,,True
cubicle46861,0.415,b,,True
cubicle77076,0.415,b,,True
node71578846,0.415,b,,True
cubicle41403,0.415,b,,True
cubicle34619,0.415,b,,True
cn-cable3336716-t2,0.415,b,,True
node22997808,11.0,b,,True
cn-cable3338173-t2,0.415,b,,True
cn-busbar254955-t2,11.0,b,,True
node67193582,0.415,b,,True
node23398576,11.0,b,,True
cn-cable3338922-t2,0.415,b,,True
cn-cable3336728-t2,0.415,b,,True
node57578118,0.415,b,,True
cubicle49429,0.415,b,,True
cubicle38311,0.415,b,,True
node101117485,0.415,b,,True
node67195828,0.415,b,,True
node69936185,0.415,b,,True
cn-cable3338743-t2,0.415,b,,True
node101118603,0.415,b,,True
cn-cable3338468-t2,0.415,b,,True
cubicle49885,0.415,b,,True
node67194754,0.415,b,,True
node69935403,0.415,b,,True
cn-cable3341622-t2,0.415,b,,True
cn-geo_schematic_cable34381-t2,0.415,b,,True
cn-cable3339032-t2,0.415,b,,True
node67195609,0.415,b,,True
cn-geo_schematic_cable34386-t2,0.415,b,,True
cn-geo_schematic_cable233371-t1,0.415,b,,True
node67195325,0.415,b,,True
node67195581,0.415,b,,True
cn-cable3338213-t2,0.415,b,,True
cn-cable3338946-t2,0.415,b,,True
cn-cable3295685-t1,0.415,b,,True
node73296155,0.415,b,,True
cubicle111105,0.415,b,,True
node79636605,0.415,b,,True
cubicle35727,0.415,b,,True
cn-cable3336710-t2,0.415,b,,True
cn-cable3339124-t2,0.415,b,,True
node84338546,11.0,b,,True
node69622925,0.415,b,,True
node69876678,0.415,b,,True
node74891570,11.0,b,,True
cubicle48208,0.415,b,,True
cn-simulated70366883_652558-t2,0.415,b,,True
cubicle34708,0.415,b,,True
node23506966,11.0,b,,True
node67193396,0.415,b,,True
node71578449,0.415,b,,True
cn-cable3336365-t2,0.415,b,,True
cn-cable2729610-t2,0.415,b,,True
node29539599,0.415,b,,True
cn-cable3338870-t2,0.415,b,,True
cubicle36872,0.415,b,,True
cubicle35723,0.415,b,,True
node24234571,11.0,b,,True
node173091624,11.0,b,,True
node69936152,0.415,b,,True
cn-cable3338855-t2,0.415,b,,True
node141207713,11.0,b,,True
node141770964,11.0,b,,True
cn-geo_schematic_cable36468-t1,0.415,b,,True
cn-cable2122109-t2,11.0,b,,True
cubicle33239,0.415,b,,True
cubicle50469,0.415,b,,True
node67194808,0.415,b,,True
node24056503,11.0,b,,True
cn-cable3341619-t2,0.415,b,,True
cn-cable3338918-t2,0.415,b,,True
cn-cable3336329-t2,0.415,b,,True
node67193101,0.415,b,,True
cn-cable3338154-t2,0.415,b,,True
cubicle41037,0.415,b,,True
node84625589,0.415,b,,True
node67831042,0.415,b,,True
node23065974,11.0,b,,True
cubicle45950,0.415,b,,True
node69876550,11.0,b,,True
node29539546,0.415,b,,True
cn-cable3338218-t2,0.415,b,,True
node74598367,0.415,b,,True
node69936226,0.415,b,,True
cn-simulated24153826_100933-t2,0.415,b,,True
node29539811,0.415,b,,True
cn-cable3341612-t2,0.415,b,,True
cn-cable3338227-t2,0.415,b,,True
cubicle39696,0.415,b,,True
cn-geo_schematic_cable233372-t2,0.415,b,,True
cubicle39022,0.415,b,,True
node84144930,11.0,b,,True
cn-cable3336402-t2,0.415,b,,True
node67194635,0.415,b,,True
node71578836,0.415,b,,True
node67195160,0.415,b,,True
node67193541,0.415,b,,True
cn-cable3338645-t2,0.415,b,,True
node60264071,0.415,b,,True
node23030576,0.415,b,,True
cn-simulated23378216_40739-t2,11.0,b,,True
cubicle38103,0.415,b,,True
node29539497,0.415,b,,True
cubicle69501,0.415,b,,True
cn-cable1132583-t2,11.0,b,,True
cubicle47094,0.415,b,,True
node67195151,0.415,b,,True
cn-geo_schematic_cable196966-t2,0.415,b,,True
node71579238,0.415,b,,True
cubicle69504,0.415,b,,True
node161553390,11.0,b,,True
cn-cable3341640-t2,0.415,b,,True
node67194574,0.415,b,,True
node24039686,11.0,b,,True
cn-geo_schematic_cable22959-t1,0.415,b,,True
cn-cable3338485-t2,0.415,b,,True
node67193520,0.415,b,,True
cn-cable3342606-t2,0.415,b,,True
cn-cable3338917-t2,0.415,b,,True
cn-cable3338744-t2,0.415,b,,True
node67195290,0.415,b,,True
cubicle33464,0.415,b,,True
cn-cable3255754-t2,0.415,b,,True
cn-cable1236568-t1,0.415,b,,True
cubicle39034,0.415,b,,True
cn-geo_schematic_cable22427-t1,0.415,b,,True
node33409252,11.0,b,,True
cn-geo_schematic_cable14579-t1,0.415,b,,True
node69936339,0.415,b,,True
cubicle49220,0.415,b,,True
node67193367,0.415,b,,True
cn-simulated23015020_203086-t1,0.415,b,,True
cubicle36039,0.415,b,,True
cn-cable3338222-t2,0.415,b,,True
cn-cable3339099-t2,0.415,b,,True
cn-cable3338853-t2,0.415,b,,True
cubicle97111,0.415,b,,True
cn-cable3338940-t2,0.415,b,,True
cubicle49332,0.415,b,,True
node71579154,0.415,b,,True
cn-cable3339037-t2,0.415,b,,True
node69935273,0.415,b,,True
cubicle33467,0.415,b,,True
cubicle34603,0.415,b,,True
cn-busbar255626-t2,11.0,b,,True
cn-cable3338322-t2,0.415,b,,True
cn-cable3338742-t2,0.415,b,,True
node60264191,0.415,b,,True
cn-cable1230482-t1,11.0,b,,True
cubicle77078,0.415,b,,True
cn-geo_schematic_cable23101-t1,0.415,b,,True
cubicle35740,0.415,b,,True
node23253360,0.415,b,,True
cubicle68128,0.415,b,,True
cubicle34608,0.415,b,,True
cn-cable3269445-t2,0.415,b,,True
cn-cable3338741-t2,0.415,b,,True
cn-cable3338936-t2,0.415,b,,True
cubicle43298,0.415,b,,True
cubicle49365,0.415,b,,True
node23058287,11.0,b,,True
cn-cable3338225-t2,0.415,b,,True
cn-cable3338906-t2,0.415,b,,True
cubicle50485,0.415,b,,True
node84142372,11.0,b,,True
node65782916,0.415,b,,True
node59739651,0.415,b,,True
cubicle41441,0.415,b,,True
cn-busbar83732-t2,11.0,b,,True
node67193212,0.415,b,,True
node69876538,11.0,b,,True
cn-simulated23030576_100934-t2,0.415,b,,True
node65782500,0.415,b,,True
node83235357,11.0,b,,True
cn-cable3338201-t2,0.415,b,,True
cubicle36854,0.415,b,,True
cn-cable3338681-t2,0.415,b,,True
cubicle48199,0.415,b,,True
node35224015,11.0,b,,True
cn-geo_schematic_cable233327-t2,0.415,b,,True
cubicle97112,0.415,b,,True
node29539588,0.415,b,,True
node83235270,11.0,b,,True
cubicle35729,0.415,b,,True
cn-busbar251729-t2,11.0,b,,True
node22955028,0.415,b,,True
cubicle48307,0.415,b,,True
cn-cable3339098-t2,0.415,b,,True
node34701112,11.0,b,,True
node57578106,0.415,b,,True
node67193148,0.415,b,,True
cn-cable3339096-t2,0.415,b,,True
cubicle37174,0.415,b,,True
node65782798,0.415,b,,True
node67194685,0.415,b,,True
cubicle45831,0.415,b,,True
node71578952,0.415,b,,True
cn-cable3336363-t2,0.415,b,,True
cn-cable3338913-t2,0.415,b,,True
node71578873,0.415,b,,True
cubicle43670,0.415,b,,True
cubicle33355,0.415,b,,True
cn-busbar254954-t1,11.0,b,,True
cn-cable3339091-t2,0.415,b,,True
cubicle111148,0.415,b,,True
node71578342,0.415,b,,True
cubicle47097,0.415,b,,True
cn-cable3336401-t2,0.415,b,,True
cubicle44692,0.415,b,,True
cn-cable3295683-t1,0.415,b,,True
cn-geo_schematic_cable380329-t1,11.0,b,,True
cn-busbar85071-t1,11.0,b,,True
node101116139,0.415,b,,True
cn-cable3338150-t2,0.415,b,,True
cn-busbar88081-t2,11.0,b,,True
cn-cable3336386-t2,0.415,b,,True
node22373296,0.415,b,,True
node57578109,0.415,b,,True
node74092492,0.415,b,,True
node173091623,11.0,b,,True
cn-cable3338188-t2,0.415,b,,True
node23212106,0.415,b,,True
cn-cable3338904-t2,0.415,b,,True
node36726519,0.415,b,,True
cn-cable3338340-t2,0.415,b,,True
cn-cable3338950-t2,0.415,b,,True
node35592659,0.415,b,,True
cubicle42859,0.415,b,,True
cn-cable3397178-t1,11.0,b,,True
cn-cable3338660-t2,0.415,b,,True
node57577398,0.415,b,,True
node23176244,11.0,b,,True
cn-cable3336712-t2,0.415,b,,True
node29539799,0.415,b,,True
node69876850,0.415,b,,True
cn-cable3338905-t2,0.415,b,,True
cn-cable3338226-t2,0.415,b,,True
cn-busbar251726-t1,11.0,b,,True
node29539610,0.415,b,,True
cubicle44239,0.415,b,,True
cn-busbar87086-t2,11.0,b,,True
cn-cable3338184-t2,0.415,b,,True
cn-cable3368615-t2,11.0,b,,True
cn-cable3338686-t2,0.415,b,,True
node84281688,0.415,b,,True
node101119328,0.415,b,,True
node83235362,11.0,b,,True
cubicle38562,0.415,b,,True
cn-geo_schematic_cable36513-t2,0.415,b,,True
cubicle45569,0.415,b,,True
cn-geo_schematic_cable1685-t2,0.415,b,,True
node60063915,0.415,b,,True
node67193139,0.415,b,,True
cn-cable3339125-t2,0.415,b,,True
cubicle46270,0.415,b,,True
cubicle43981,0.415,b,,True
cn-cable2727649-t2,0.415,b,,True
cubicle50462,0.415,b,,True
node161553372,11.0,b,,True
node73296175,0.415,b,,True
cubicle45373,0.415,b,,True
node65782801,0.415,b,,True
node59283145,0.415,b,,True
cn-cable3338749-t2,0.415,b,,True
cn-geo_schematic_cable380326-t2,11.0,b,,True
node161553438,11.0,b,,True
cn-cable1194928-t2,0.415,b,,True
node35592773,0.415,b,,True
cubicle39130,0.415,b,,True
cubicle43221,0.415,b,,True
cn-busbar254548-t2,11.0,b,,True
cn-simulated23398575_99463-t2,11.0,b,,True
cubicle45838,0.415,b,,True
node69877027,0.415,b,,True
node69877060,0.415,b,,True
node83235361,11.0,b,,True
cn-cable3338854-t2,0.415,b,,True
cn-cable3255753-t2,0.415,b,,True
cn-cable3338921-t2,0.415,b,,True
cn-simulated23121435_58681-t2,11.0,b,,True
node67195367,0.415,b,,True
cubicle77072,0.415,b,,True
cn-geo_schematic_cable25609-t2,11.0,b,,True
node101116406,0.415,b,,True
node23052190,11.0,b,,True
cn-busbar85063-t2,11.0,b,,True
node57577957,11.0,b,,True
cubicle33777,0.415,b,,True
cn-cable3338215-t2,0.415,b,,True
cn-cable1108327-t2,11.0,b,,True
node102516800,0.415,b,,True
node69876732,0.415,b,,True
node33911479,11.0,b,,True
cn-cable3338903-t2,0.415,b,,True
cn-cable3246213-t2,0.415,b,,True
node67194544,0.415,b,,True
node161553383,11.0,b,,True
node69935978,0.415,b,,True
node67830839,0.415,b,,True
cn-cable1155376-t1,11.0,b,,True
cn-geo_schematic_cable1861-t2,0.415,b,,True
node74598356,0.415,b,,True
node57578117,0.415,b,,True
cubicle49322,0.415,b,,True
node84142412,11.0,b,,True
cubicle40258,0.415,b,,True
cn-cable3336400-t2,0.415,b,,True
cubicle38307,0.415,b,,True
cubicle40841,0.415,b,,True
cn-cable3338850-t2,0.415,b,,True
cn-cable3341628-t2,0.415,b,,True
cn-cable1169914-t1,11.0,b,,True
cn-busbar251727-t1,11.0,b,,True
node67195932,11.0,b,,True
cn-cable1508102-t1,0.415,b,,True
cn-cable3338328-t2,0.415,b,,True
cubicle39448,0.415,b,,True
node83235274,11.0,b,,True
cubicle47109,0.415,b,,True
cn-cable3341629-t2,0.415,b,,True
node67193128,0.415,b,,True
cubicle39895,0.415,b,,True
node67193267,0.415,b,,True
cn-geo_schematic_cable22431-t1,0.415,b,,True
node65782830,0.415,b,,True
node52761082,0.415,b,,True
cn-geo_schematic_cable23106-t2,0.415,b,,True
cn-cable3338481-t2,0.415,b,,True
cn-cable3338951-t2,0.415,b,,True
cn-simulated70361087_648891-t2,0.415,b,,True
node61343056,0.415,b,,True
cn-geo_schematic_cable69622-t1,0.415,b,,True
node160200990,11.0,b,,True
cn-geo_schematic_cable27945-t1,0.415,b,,True
node59740741,0.415,b,,True
node60063771,0.415,b,,True
node69876993,0.415,b,,True
node71578742,0.415,b,,True
cn-cable3338159-t2,0.415,b,,True
cn-geo_schematic_cable235928-t1,0.415,b,,True
cn-cable3246212-t1,0.415,b,,True
node36726527,0.415,b,,True
cn-geo_schematic_cable14366-t1,0.415,b,,True
cn-geo_schematic_cable36501-t2,0.415,b,,True
cn-busbar355183-t2,11.0,b,,True
cn-simulated74092492_199824-t1,0.415,b,,True
node24071491,11.0,b,,True
cubicle47128,0.415,b,,True
cn-cable3338281-t2,0.415,b,,True
node245104988,0.415,b,,True
cn-cable3336715-t2,0.415,b,,True
cn-geo_schematic_cable34375-t2,0.415,b,,True
cn-geo_schematic_cable27942-t2,0.415,b,,True
cubicle69500,0.415,b,,True
cubicle111009,0.415,b,,True
cubicle47193,0.415,b,,True
node23378215,11.0,b,,True
cubicle41966,0.415,b,,True
node23529726,0.415,b,,True
cubicle36743,0.415,b,,True
cubicle34140,0.415,b,,True
cubicle34905,0.415,b,,True
cn-cable3338174-t2,0.415,b,,True
cn-cable3336380-t2,0.415,b,,True
cn-cable3338860-t2,0.415,b,,True
cn-cable3336389-t2,0.415,b,,True
cn-geo_schematic_cable23103-t1,0.415,b,,True
node59740704,0.415,b,,True
node52761090,0.415,b,,True
node60264081,0.415,b,,True
cn-busbar87065-t2,11.0,b,,True
cn-cable3336718-t2,0.415,b,,True
cn-geo_schematic_cable22430-t1,0.415,b,,True
cn-geo_schematic_cable23107-t1,0.415,b,,True
cubicle47979,0.415,b,,True
cn-cable3341627-t2,0.415,b,,True
cn-cable3338180-t2,0.415,b,,True
cn-simulated103968671_324538-t1,0.415,b,,True
cn-cable3338479-t2,0.415,b,,True
cn-cable3338148-t2,0.415,b,,True
node84338465,11.0,b,,True
cn-cable3338934-t2,0.415,b,,True
cn-busbar87086-t1,11.0,b,,True
cn-busbar254957-t2,11.0,b,,True
node23179827,0.415,b,,True
cn-simulated71243238_1841189-t2,0.415,b,,True
cn-cable1133130-t1,11.0,b,,True
node24046337,11.0,b,,True
cn-geo_schematic_cable27524-t2,0.415,b,,True
cn-simulated23058287_112903-t2,11.0,b,,True
node59740730,0.415,b,,True
node60063851,0.415,b,,True
cn-cable3338924-t2,0.415,b,,True
node74192361,0.415,b,,True
node22932783,0.415,b,,True
cn-cable1200969-t2,11.0,b,,True
node67195678,0.415,b,,True
cubicle34591,0.415,b,,True
cubicle50237,0.415,b,,True
cn-cable2098867-t1,11.0,b,,True
cn-cable3341614-t2,0.415,b,,True
node57577378,0.415,b,,True
node74598346,0.415,b,,True
node59312972,0.415,b,,True
cn-cable3338089-t2,0.415,b,,True
node67195431,0.415,b,,True
cubicle39443,0.415,b,,True
cubicle48514,0.415,b,,True
node67195730,0.415,b,,True
cn-cable3336364-t2,0.415,b,,True
cubicle44837,0.415,b,,True
cn-cable3338900-t2,0.415,b,,True
cn-cable1134809-t1,11.0,b,,True
cn-cable3731921-t2,0.415,b,,True
cn-cable3341626-t2,0.415,b,,True
cn-cable3336727-t2,0.415,b,,True
cubicle69502,0.415,b,,True
cn-geo_schematic_cable14586-t1,0.415,b,,True
node67194656,0.415,b,,True
cn-cable3336360-t2,0.415,b,,True
cubicle111007,0.415,b,,True
cn-cable3719711-t2,0.415,b,,True
node67193066,0.415,b,,True
cn-cable3338869-t2,0.415,b,,True
cn-geo_schematic_cable23100-t1,0.415,b,,True
node22951202,0.415,b,,True
cn-cable3338915-t2,0.415,b,,True
cn-cable3338745-t2,0.415,b,,True
node100121528,0.415,b,,True
cn-busbar87058-t2,11.0,b,,True
cn-geo_schematic_cable23100-t2,0.415,b,,True
node23214017,0.415,b,,True
node71578957,0.415,b,,True
cn-cable3339036-t2,0.415,b,,True
node74192384,0.415,b,,True
node67193296,0.415,b,,True
cubicle46713,0.415,b,,True
node161553366,11.0,b,,True
cn-cable3338182-t2,0.415,b,,True
node67193435,0.415,b,,True
cn-cable3336351-t2,0.415,b,,True
cn-cable3338874-t2,0.415,b,,True
node74891588,11.0,b,,True
cn-cable3338250-t2,0.415,b,,True
cn-geo_schematic_cable235949-t2,0.415,b,,True
cubicle40252,0.415,b,,True
cn-cable3338140-t2,0.415,b,,True
cubicle44051,0.415,b,,True
cn-cable3338258-t2,0.415,b,,True
node173091617,11.0,b,,True
cubicle33452,0.415,b,,True
cn-cable3338212-t2,0.415,b,,True
cn-cable3338930-t2,0.415,b,,True
cn-cable3336717-t2,0.415,b,,True
node57578105,0.415,b,,True
cn-geo_schematic_cable196969-t1,0.415,b,,True
node23166608,11.0,b,,True
node23226227,0.415,b,,True
cn-busbar83733-t2,11.0,b,,True
node84142962,11.0,b,,True
cn-cable3339049-t2,0.415,b,,True
node36726501,0.415,b,,True
cn-cable3336740-t2,0.415,b,,True
cubicle42443,0.415,b,,True
node84338536,11.0,b,,True
cn-cable3339122-t2,0.415,b,,True
cn-cable1210504-t1,11.0,b,,True
cn-cable3339041-t2,0.415,b,,True
cubicle42552,0.415,b,,True
node60063841,0.415,b,,True
cn-geo_schematic_cable27950-t1,0.415,b,,True
cn-cable3338863-t2,0.415,b,,True
node67193623,0.415,b,,True
cn-cable3338283-t2,0.415,b,,True
cn-cable2937656-t2,11.0,b,,True
cn-cable3338185-t2,0.415,b,,True
cubicle39124,0.415,b,,True
cubicle33447,0.415,b,,True
cn-cable3368615-t1,11.0,b,,True
cn-cable2879802-t2,0.415,b,,True
cn-cable3338947-t2,0.415,b,,True
cubicle43556,0.415,b,,True
cn-busbar251718-t1,11.0,b,,True
cn-cable2122108-t1,11.0,b,,True
cubicle33478,0.415,b,,True
cn-busbar254943-t1,11.0,b,,True
cn-cable3338668-t2,0.415,b,,True
node161553359,11.0,b,,True
cn-geo_schematic_cable14368-t1,0.415,b,,True
cn-cable3339126-t2,0.415,b,,True
cn-cable3338868-t2,0.415,b,,True
cn-cable3338667-t2,0.415,b,,True
cn-simulated84625474_202755-t1,0.415,b,,True
cn-cable3338920-t2,0.415,b,,True
node67830893,0.415,b,,True
cubicle35495,0.415,b,,True
cn-cable3338998-t2,0.415,b,,True
cubicle45191,0.415,b,,True
node67831068,0.415,b,,True
cn-geo_schematic_cable23105-t2,0.415,b,,True
node84625697,0.415,b,,True
cn-cable3338999-t2,0.415,b,,True
cubicle102861,0.415,b,,True
node31975369,0.415,b,,True
node102518697,0.415,b,,True
cn-cable3338941-t2,0.415,b,,True
node29539460,0.415,b,,True
node24039692,11.0,b,,True
cn-cable3338224-t2,0.415,b,,True
node57578110,0.415,b,,True
node161553384,11.0,b,,True
cn-cable3338992-t2,0.415,b,,True
cn-cable3338158-t2,0.415,b,,True
cn-cable3338957-t2,0.415,b,,True
cn-busbar251728-t1,11.0,b,,True
cn-cable3338684-t2,0.415,b,,True
cn-cable3338871-t2,0.415,b,,True
cn-busbar85071-t2,11.0,b,,True
cn-cable3338255-t2,0.415,b,,True
cn-cable3338664-t2,0.415,b,,True
cn-cable3255756-t2,0.415,b,,True
cn-cable3338680-t2,0.415,b,,True
node69876797,0.415,b,,True
cn-cable3338219-t2,0.415,b,,True
node100121487,0.415,b,,True
cubicle34596,0.415,b,,True
cn-simulated103968618_324538-t2,11.0,b,,True
node65782938,0.415,b,,True
cn-cable3338474-t2,0.415,b,,True
node57578136,0.415,b,,True
cn-geo_schematic_cable1846-t1,0.415,b,,True
cubicle39162,0.415,b,,True
cn-cable3341610-t2,0.415,b,,True
cn-cable3336359-t2,0.415,b,,True
cn-cable3713958-t2,0.415,b,,True
cn-busbar355168-t2,11.0,b,,True
cn-cable3338994-t2,0.415,b,,True
cn-simulated23232416_101377-t2,11.0,b,,True
cn-cable3338862-t2,0.415,b,,True
cn-cable3338473-t2,0.415,b,,True
cn-cable3339043-t2,0.415,b,,True
cn-cable3338852-t2,0.415,b,,True
node71578447,0.415,b,,True
node67195949,11.0,b,,True
cn-cable3336369-t2,0.415,b,,True
cubicle39128,0.415,b,,True
cn-cable3336387-t2,0.415,b,,True
cubicle36841,0.415,b,,True
cubicle44805,0.415,b,,True
cubicle36626,0.415,b,,True
cn-cable3338927-t2,0.415,b,,True
node22985154,0.415,b,,True
cubicle40374,0.415,b,,True
cn-busbar355176-t1,11.0,b,,True
cn-cable3338187-t2,0.415,b,,True
cn-cable3341617-t2,0.415,b,,True
cn-cable3336327-t2,0.415,b,,True
cubicle34374,0.415,b,,True
cn-cable3341625-t2,0.415,b,,True
cn-cable3246217-t2,0.415,b,,True
node59740028,0.415,b,,True
node84142353,11.0,b,,True
cn-cable4185370-t2,0.415,b,,True
node67193147,0.415,b,,True
node69876775,0.415,b,,True
cn-cable1142178-t2,11.0,b,,True
cn-cable3338661-t2,0.415,b,,True
node71579033,0.415,b,,True
cubicle49393,0.415,b,,True
cn-cable3338327-t2,0.415,b,,True
node29539535,0.415,b,,True
cn-cable3338873-t2,0.415,b,,True
cn-busbar355175-t2,11.0,b,,True
cubicle40276,0.415,b,,True
cn-cable3336384-t2,0.415,b,,True
cn-cable3338872-t2,0.415,b,,True
cn-cable3338253-t2,0.415,b,,True
cn-cable3338206-t2,0.415,b,,True
cn-cable3339035-t2,0.415,b,,True
cn-cable3338944-t2,0.415,b,,True
node161553353,11.0,b,,True
cn-cable3338740-t2,0.415,b,,True
node101117404,0.415,b,,True
cn-geo_schematic_cable22433-t2,0.415,b,,True
node60264070,0.415,b,,True
node71578941,0.415,b,,True
cubicle36297,0.415,b,,True
node102516458,0.415,b,,True
cn-cable3338470-t2,0.415,b,,True
cn-cable3338280-t2,0.415,b,,True
cn-busbar355182-t1,11.0,b,,True
cubicle37764,0.415,b,,True
cn-cable2727646-t2,0.415,b,,True
node102516890,0.415,b,,True
cn-cable3338959-t2,0.415,b,,True
cn-busbar87085-t2,11.0,b,,True
cn-geo_schematic_cable27944-t1,0.415,b,,True
node69936106,0.415,b,,True
cubicle48092,0.415,b,,True
cn-cable3338189-t2,0.415,b,,True
cn-cable1237990-t1,11.0,b,,True
cn-cable3256247-t2,0.415,b,,True
node149685038,0.415,b,,True
cn-busbar251725-t1,11.0,b,,True
cn-cable3336357-t2,0.415,b,,True
cn-cable3517570-t2,11.0,b,,True
cn-cable3338477-t2,0.415,b,,True
node23220059,0.415,b,,True
cn-geo_schematic_cable137654-t2,0.415,b,,True
cn-cable3338487-t2,0.415,b,,True
cn-cable3338646-t2,0.415,b,,True
cn-geo_schematic_cable233372-t1,0.415,b,,True
cn-cable3338663-t2,0.415,b,,True
cn-cable3338142-t2,0.415,b,,True
node67193200,0.415,b,,True
cn-geo_schematic_cable14329-t2,0.415,b,,True
cn-cable3341613-t2,0.415,b,,True
cn-busbar254971-t2,11.0,b,,True
cn-cable3261193-t2,0.415,b,,True
cn-cable3977132-t2,0.415,b,,True
cn-cable3336355-t2,0.415,b,,True
cn-cable3341624-t2,0.415,b,,True
cn-simulated22959534_100929-t2,0.415,b,,True
cn-cable3338214-t2,0.415,b,,True
cn-cable3338181-t2,0.415,b,,True
cn-cable3336324-t2,0.415,b,,True
node58449856,0.415,b,,True
node59740701,0.415,b,,True
cn-busbar83739-t2,11.0,b,,True
node60264076,0.415,b,,True
cn-cable3338178-t2,0.415,b,,True
cn-cable3338344-t2,0.415,b,,True
cubicle38002,0.415,b,,True
node59607026,11.0,b,,True
cn-cable3338141-t2,0.415,b,,True
cn-busbar251716-t2,11.0,b,,True
node29539787,0.415,b,,True
cn-cable3338170-t2,0.415,b,,True
cubicle111147,0.415,b,,True
cn-cable3339093-t2,0.415,b,,True
cubicle48221,0.415,b,,True
cn-geo_schematic_cable14468-t1,0.415,b,,True
cubicle35614,0.415,b,,True
cn-cable3338662-t2,0.415,b,,True
cn-cable3338285-t2,0.415,b,,True
cubicle50506,0.415,b,,True
cn-cable3339120-t2,0.415,b,,True
cn-cable3338669-t2,0.415,b,,True
node79493030,0.415,b,,True
node102517050,0.415,b,,True
cubicle50472,0.415,b,,True
cn-cable3336367-t2,0.415,b,,True
cn-cable1144520-t2,0.415,b,,True
cubicle40392,0.415,b,,True
cn-geo_schematic_cable14585-t1,0.415,b,,True
cn-cable3338859-t2,0.415,b,,True
cubicle77075,0.415,b,,True
cn-cable3338937-t2,0.415,b,,True
cubicle45116,0.415,b,,True
cn-geo_schematic_cable14367-t2,0.415,b,,True
node67194584,0.415,b,,True
cn-cable3338345-t2,0.415,b,,True
cn-cable3341621-t2,0.415,b,,True
cubicle37885,0.415,b,,True
cn-cable3338665-t2,0.415,b,,True
cn-simulated23176244_40735-t2,11.0,b,,True
cn-busbar87065-t1,11.0,b,,True
cubicle44917,0.415,b,,True
cn-cable3338908-t2,0.415,b,,True
cubicle42569,0.415,b,,True
cn-cable3341083-t2,0.415,b,,True
cn-cable3338666-t2,0.415,b,,True
node149684990,0.415,b,,True
node84625509,0.415,b,,True
node31975399,0.415,b,,True
cn-cable3336726-t2,0.415,b,,True
cubicle77073,0.415,b,,True
cn-busbar355167-t2,11.0,b,,True
cn-cable3338144-t2,0.415,b,,True
node67193045,0.415,b,,True
cubicle45380,0.415,b,,True
cn-cable3338151-t2,0.415,b,,True
node69936009,0.415,b,,True
node69935634,0.415,b,,True
cn-cable3338466-t2,0.415,b,,True
cn-cable1151657-t2,0.415,b,,True
cn-cable3338252-t2,0.415,b,,True
cn-cable3338907-t2,0.415,b,,True
cn-geo_schematic_cable14331-t2,0.415,b,,True
cn-cable3338851-t2,0.415,b,,True
cn-cable3338157-t2,0.415,b,,True
node29539482,0.415,b,,True
cn-cable1236610-t1,11.0,b,,True
cn-cable3338746-t2,0.415,b,,True
cn-cable3338145-t2,0.415,b,,True
cn-cable1201724-t2,11.0,b,,True
node29539805,0.415,b,,True
cn-geo_schematic_cable14578-t1,0.415,b,,True
cn-cable3338146-t2,0.415,b,,True
cn-cable3338204-t2,0.415,b,,True
node24068798,11.0,b,,True
cn-cable3338901-t2,0.415,b,,True
cubicle32899,0.415,b,,True
cn-cable3338876-t2,0.415,b,,True
node24046352,11.0,b,,True
cn-cable3339592-t2,0.415,b,,True
cn-cable3338866-t2,0.415,b,,True
cn-cable3339030-t2,0.415,b,,True
node69935824,0.415,b,,True
cn-cable3338155-t2,0.415,b,,True
cn-cable3338864-t2,0.415,b,,True
cubicle34606,0.415,b,,True
cn-cable3341618-t2,0.415,b,,True
cubicle33471,0.415,b,,True
cn-busbar83731-t1,11.0,b,,True
cn-cable3336714-t2,0.415,b,,True
cn-cable3338143-t2,0.415,b,,True
cn-cable3338910-t2,0.415,b,,True
cn-cable1159589-t2,0.415,b,,True
cubicle45948,0.415,b,,True
cubicle43676,0.415,b,,True
cn-simulated29539706_245936-t2,11.0,b,,True
cn-cable3341616-t2,0.415,b,,True
cn-geo_schematic_cable36502-t2,0.415,b,,True
node84142413,11.0,b,,True
cn-cable3338286-t2,0.415,b,,True
cn-cable3336381-t2,0.415,b,,True
cn-geo_schematic_cable380328-t1,11.0,b,,True
cn-cable3338489-t2,0.415,b,,True
cn-cable3339671-t2,0.415,b,,True
cn-geo_schematic_cable36510-t2,0.415,b,,True
cn-cable3341620-t2,0.415,b,,True
cubicle50566,0.415,b,,True
cn-cable3336744-t2,0.415,b,,True
cn-cable3338925-t2,0.415,b,,True
cn-cable3338939-t2,0.415,b,,True
cn-cable3338861-t2,0.415,b,,True
node67193282,0.415,b,,True
cn-cable3339044-t2,0.415,b,,True
cn-cable3341615-t2,0.415,b,,True
node57577381,0.415,b,,True
node102515290,0.415,b,,True
cn-cable3336388-t2,0.415,b,,True
cn-cable1219505-t2,11.0,b,,True
cn-cable3338205-t2,0.415,b,,True
node22951175,0.415,b,,True
cn-cable3336741-t2,0.415,b,,True
cn-cable3338254-t2,0.415,b,,True
cn-cable3338856-t2,0.415,b,,True
cn-geo_schematic_cable25609-t1,11.0,b,,True
cn-cable3338909-t2,0.415,b,,True
cn-geo_schematic_cable25610-t2,11.0,b,,True
cubicle49635,0.415,b,,True
cn-cable3338217-t2,0.415,b,,True
cn-geo_schematic_cable14330-t1,0.415,b,,True
cn-cable2937658-t1,11.0,b,,True
cn-cable3338865-t2,0.415,b,,True
cn-geo_schematic_cable65503-t2,0.415,b,,True
cn-cable3255757-t2,0.415,b,,True
node57578126,0.415,b,,True
cn-simulated22958791_144043-t1,0.415,b,,True
cn-geo_schematic_cable27951-t2,0.415,b,,True
cn-geo_schematic_cable1790-t1,11.0,b,,True
node84338515,11.0,b,,True
node29539569,0.415,b,,True
cn-cable3338687-t2,0.415,b,,True
cn-busbar83739-t1,11.0,b,,True
cn-cable3338153-t2,0.415,b,,True
cn-cable3338465-t2,0.415,b,,True
cn-cable1219300-t1,11.0,b,,True
cn-cable3338172-t2,0.415,b,,True
cubicle35711,0.415,b,,True
cn-cable3338472-t2,0.415,b,,True
cn-busbar85064-t1,11.0,b,,True
node59312975,0.415,b,,True
cn-cable3339048-t2,0.415,b,,True
node69936363,0.415,b,,True
cn-cable3338488-t2,0.415,b,,True
cn-cable3338220-t2,0.415,b,,True
cn-cable3338938-t2,0.415,b,,True
cn-cable3338952-t2,0.415,b,,True
cn-busbar354650-t2,11.0,b,,True
cn-cable3338640-t2,0.415,b,,True
cn-cable3339123-t2,0.415,b,,True
cn-cable3338209-t2,0.415,b,,True
node29539793,0.415,b,,True
cn-cable3338482-t2,0.415,b,,True
cn-cable3338682-t2,0.415,b,,True
node74192331,0.415,b,,True
cn-cable2865574-t2,11.0,b,,True
cn-cable3336708-t2,0.415,b,,True
node58449853,0.415,b,,True
cn-cable4304011-t1,11.0,b,,True
node71578696,0.415,b,,True
cn-cable3338995-t2,0.415,b,,True
cn-cable3771840-t2,0.415,b,,True
cn-geo_schematic_cable23102-t2,0.415,b,,True
cn-geo_schematic_cable25611-t1,11.0,b,,True
cn-cable3339095-t2,0.415,b,,True
cn-cable3339129-t2,0.415,b,,True
cn-busbar87095-t2,11.0,b,,True
cn-cable3338200-t2,0.415,b,,True
cn-cable3336356-t2,0.415,b,,True
cn-cable3339033-t2,0.415,b,,True
cn-cable3338996-t2,0.415,b,,True
cn-cable2122107-t2,11.0,b,,True
cn-cable3338483-t2,0.415,b,,True
cn-cable4191430-t2,0.415,b,,True
cn-cable3336382-t2,0.415,b,,True
cn-cable3338176-t2,0.415,b,,True
cn-busbar255620-t2,11.0,b,,True
cn-cable3336729-t2,0.415,b,,True
cn-geo_schematic_cable1840-t2,0.415,b,,True
cn-cable3338943-t2,0.415,b,,True
cn-busbar355180-t2,11.0,b,,True
node151101321,11.0,b,,True
cn-simulated22943741_144044-t2,0.415,b,,True
cn-geo_schematic_cable27941-t1,0.415,b,,True
cn-cable3338879-t2,0.415,b,,True
cn-simulated23378215_187645-t2,11.0,b,,True
cn-cable3338875-t2,0.415,b,,True
cn-cable3338323-t2,0.415,b,,True
cn-busbar254549-t2,11.0,b,,True
cn-cable3977142-t2,0.415,b,,True
node29539829,0.415,b,,True
cubicle43784,0.415,b,,True
cn-simulated34701112_113872-t1,11.0,b,,True
cn-cable3338683-t2,0.415,b,,True
node67194756,0.415,b,,True
cn-busbar355169-t1,11.0,b,,True
cn-cable3338954-t2,0.415,b,,True
cn-cable3341623-t2,0.415,b,,True
node57578127,0.415,b,,True
cn-cable3338147-t2,0.415,b,,True
cn-cable3338223-t2,0.415,b,,True
cn-cable3338208-t2,0.415,b,,True
cn-cable3338202-t2,0.415,b,,True
cn-cable3713955-t2,0.415,b,,True
cn-cable3336366-t2,0.415,b,,True
cn-cable3341611-t2,0.415,b,,True
cn-cable3338229-t2,0.415,b,,True
cn-cable3338990-t2,0.415,b,,True
cn-cable3339127-t2,0.415,b,,True
cn-cable3338321-t2,0.415,b,,True
node79493065,0.415,b,,True
cn-cable3336742-t2,0.415,b,,True
cn-cable3339031-t2,0.415,b,,True
cn-cable3338932-t2,0.415,b,,True
node67195508,0.415,b,,True
cn-cable3713957-t2,0.415,b,,True
cn-geo_schematic_cable22429-t1,0.415,b,,True
cn-cable3338486-t2,0.415,b,,True
cn-cable3336354-t2,0.415,b,,True
cn-cable3338648-t2,0.415,b,,True
cn-cable3336323-t2,0.415,b,,True
cn-cable3338958-t2,0.415,b,,True
cn-cable3338747-t2,0.415,b,,True
cn-cable3246211-t1,0.415,b,,True
cn-cable3338320-t2,0.415,b,,True
node29539823,0.415,b,,True
cn-cable3338942-t2,0.415,b,,True
cn-cable3806606-t2,0.415,b,,True
cn-cable3336385-t2,0.415,b,,True
cn-busbar251730-t2,11.0,b,,True
cn-cable3338183-t2,0.415,b,,True
cn-cable2727648-t2,0.415,b,,True
cn-cable3336709-t2,0.415,b,,True
node31975389,0.415,b,,True
cn-geo_schematic_cable380327-t2,11.0,b,,True
cn-cable2937658-t2,11.0,b,,True
node67195950,11.0,b,,True
node102516409,0.415,b,,True
cn-geo_schematic_cable27949-t2,0.415,b,,True
cn-cable3336325-t2,0.415,b,,True
node102021130,0.415,b,,True
cn-cable3336713-t2,0.415,b,,True
cn-cable3338993-t2,0.415,b,,True
cn-cable3339038-t2,0.415,b,,True
cn-cable1235105-t2,11.0,b,,True
node29539432,0.415,b,,True
cn-cable3338171-t2,0.415,b,,True
cn-cable1191398-t2,0.415,b,,True
node29539518,0.415,b,,True
cn-cable3338912-t2,0.415,b,,True
node71578394,0.415,b,,True
cn-cable3517710-t2,11.0,b,,True
cn-cable3338955-t2,0.415,b,,True
cn-busbar84114-t2,11.0,b,,True
cn-cable3338935-t2,0.415,b,,True
cn-cable3338956-t2,0.415,b,,True
cn-busbar254942-t2,11.0,b,,True
cn-cable3255759-t2,0.415,b,,True
cn-cable3339677-t2,0.415,b,,True
cn-busbar254543-t2,11.0,b,,True
cn-cable3338748-t2,0.415,b,,True
cn-cable3336350-t2,0.415,b,,True
cn-busbar87858-t2,11.0,b,,True
cn-cable1228539-t1,11.0,b,,True
cn-geo_schematic_cable25607-t1,11.0,b,,True
node31975379,0.415,b,,True
cn-cable2797799-t2,0.415,b,,True
cubicle47083,0.415,b,,True
cn-cable3338203-t2,0.415,b,,True
cn-cable3338207-t2,0.415,b,,True
cn-cable3339092-t2,0.415,b,,True
cn-geo_schematic_cable235928-t2,0.415,b,,True
cn-simulated23427399_210792-t1,0.415,b,,True
cn-geo_schematic_cable22425-t2,0.415,b,,True
cn-cable3339094-t2,0.415,b,,True
cn-cable3338467-t2,0.415,b,,True
cn-hv_feeder13550-source-t1,11.0,b,,True
cn-cable1236611-t2,11.0,b,,True
cn-cable3338916-t2,0.415,b,,True
cn-cable3338476-t2,0.415,b,,True
cubicle37426,0.415,b,,True
cn-cable3338923-t2,0.415,b,,True
cn-cable3342932-t2,0.415,b,,True
cn-cable3338948-t2,0.415,b,,True
cn-cable3255752-t2,0.415,b,,True
cn-simulated24502843_202755-t2,11.0,b,,True
cn-cable3338177-t2,0.415,b,,True
node23381694,0.415,b,,True
cn-cable3269442-t2,0.415,b,,True
cn-busbar254547-t1,11.0,b,,True
cn-cable3338288-t2,0.415,b,,True
cn-busbar85067-t1,11.0,b,,True
